<?xml version="1.0" encoding="UTF-8"?>
<project-private xmlns="http://www.netbeans.org/ns/project-private/1">
    <editor-bookmarks xmlns="http://www.netbeans.org/ns/editor-bookmarks/2" lastBookmarkId="0"/>
    <open-files xmlns="http://www.netbeans.org/ns/projectui-open-files/2">
        <group name="FPempresa">
            <file>file:/media/logongas/2712-F01B/examen-alumnos/public_html/scss/abstracts/_mixins.scss</file>
            <file>file:/media/logongas/2712-F01B/examen-alumnos/public_html/scss/style.scss</file>
            <file>file:/media/logongas/2712-F01B/examen-alumnos/public_html/scss/abstracts/_variables.scss</file>
            <file>file:/media/logongas/2712-F01B/examen-alumnos/package.json</file>
            <file>file:/media/logongas/2712-F01B/examen-alumnos/public_html/index.html</file>
        </group>
    </open-files>
</project-private>
